邀请码,状态,使用人
INV-7B27D1D4,unused,
INV-9E14D1B4,unused,
INV-FF35EDFE,unused,
INV-5F8C913E,unused,
INV-E85E9345,unused,
INV-F4E06EEA,unused,
INV-8F5CA6F4,unused,
INV-52EB1924,unused,
INV-CFA2633B,unused,
INV-FD489E26,unused,
INV-C9479AA2,unused,
INV-35706BFC,unused,
INV-FDCF145E,unused,
INV-43EE87EF,unused,
INV-6C223B16,unused,
INV-A544E8A1,unused,
INV-04357832,unused,
INV-2D3ADE07,unused,
INV-6A1B4B64,unused,
INV-B748E5A5,unused,
INV-3C7BC842,unused,
INV-F3FB144F,unused,
INV-7B57E4EE,unused,
INV-27E176AA,unused,
INV-F1F4BFC6,unused,
INV-6F526FEA,unused,
INV-7F489C92,unused,
INV-36BAE7EA,unused,
INV-25A9B717,unused,
INV-73663C77,unused,
INV-075F86E9,unused,
INV-0B4AC2CD,unused,
INV-FAE3A193,unused,
INV-7A832B97,unused,
INV-69BA9922,unused,
INV-00BE93BE,unused,
INV-1BFA8049,unused,
INV-E249CF2A,unused,
INV-111E2D7B,unused,
INV-CC60437B,unused,
INV-BABC9A8C,unused,
INV-C442FD6F,unused,
INV-E8CFE9B7,unused,
INV-180C65BC,unused,
INV-FB627FFD,unused,
INV-FB006939,unused,
INV-7352473A,unused,
INV-75891D5D,unused,
INV-04EE5BC5,unused,
INV-DCDA81CC,unused,
INV-938E1404,unused,
INV-F72E5E51,unused,
INV-FA69258C,unused,
INV-5D9E1DA9,unused,
INV-E5020E06,unused,
INV-B525D70B,unused,
INV-A72BE157,unused,
INV-9242B7F7,unused,
INV-E2D35EC0,unused,
INV-1E6C0403,unused,
INV-4187EA7B,unused,
INV-4B67DE9F,unused,
INV-F5223399,unused,
INV-D717B3C3,unused,
INV-61EBAC89,unused,
INV-DA0986B1,unused,
INV-7BCB7F12,unused,
INV-2B2D0672,unused,
INV-1874ED92,unused,
INV-694D1F28,unused,
INV-5E3D62EF,unused,
INV-1AD15419,unused,
INV-FF9E6142,unused,
INV-37A057FE,unused,
INV-7A81D89E,unused,
INV-249326F7,unused,
INV-B63886C8,unused,
INV-58BAF7AA,unused,
INV-8BA446C2,unused,
INV-D8DEB549,unused,
INV-661B10AE,unused,
INV-8B694F36,unused,
INV-B6843971,unused,
INV-DA8C4473,unused,
INV-5D0C2739,unused,
INV-3267CBA4,unused,
INV-8741F116,unused,
INV-47A0DC03,unused,
INV-1E9505FB,unused,
INV-DFEE6ED9,unused,
INV-E1B48245,unused,
INV-91DAFF84,unused,
INV-4D621C13,unused,
INV-295CA83C,unused,
INV-5F3D8F21,unused,
INV-CEEAA7E4,unused,
INV-67E675C7,unused,
INV-EE0EA4C0,unused,
INV-4E6E28EC,unused,
INV-D58C1C4F,unused,
